Sr.No,Name,CMP,P/E,Mar_cap,Div_yid,NP_Qtr,Qtr_profit_var,Sales_Qtr,Qtr_Profit_var,ROCE,Sales_growth,Sales_Var_10_years,ROE
1,EKI Energy,446.65,3.55,1228.97,1.12,38.09,-76.34,406.57,-40.89,236.09,843.95,105.05,176.17
2,Lloyds Metals,570.4,24.28,25372.77,0.09,403.25,52.7,1965.52,133.25,81.99,212.58,16.01,90.48
3,Jyoti Resins,1506.5,34.04,1807.8,0.17,15.74,73.54,61.18,-4.27,72.9,18.13,38,55.12
4,Guj. Themis Bio.,801.85,20.11,1164.98,0.67,17.72,-0.28,49.59,10.35,61.14,20.63,18.04,45.92
5,TCS,3367.1,28.17,1232039.19,1.43,11120,16.84,59381,12.55,59.11,16.56,13.6,46.92
6,Swaraj Engines,2028.5,18.25,2463.86,4.54,40.92,3.49,399.83,0.37,55.22,16.49,11.49,41.11
7,Apar Inds.,4862.7,26.11,18608.88,0.82,197.43,61.22,3773.01,21.98,51.14,41.83,11.95,32.27
8,Britannia Inds.,4535.05,51.25,109234.98,1.59,455.45,35.66,4010.7,8.37,48.84,15.08,10.18,66.62
9,Refex Industries,695.15,12.35,1536.77,0,22.01,59.05,381.37,43.81,48.06,178.9,57.88,46.65
10,Tata Elxsi,7008.15,57.48,43644.26,0.86,188.85,2.24,850.27,17.13,47.74,23.91,17.92,41.07
11,Gensol Engineer.,1709.35,83.38,2088.64,0,12.43,19.63,146.63,45.63,46.26,141.68,85.97,54.71
12,Abbott India,23399.6,48.09,49724.15,0.77,290.24,41.14,1479,13.41,41.13,10.36,12.46,31.61
13,CRISIL,3815.75,46.32,27895.56,1.26,150.58,9.99,771.02,15.33,41.06,17.74,10.97,32.93
14,Infosys,1388.8,23.36,576401.7,2.45,5945,10.91,37933,10.05,40.67,17.17,13.78,31.82
15,Ashoka Buildcon,100.15,8.8,2811.44,0,71.98,-49.67,1935.16,3.01,40.65,23.9,15.9,26.57
16,Permanent Magnet,1578.7,41.98,1357.68,0.1,6.79,61.67,43.64,24.58,40.14,43.85,14.18,30.79
17,EID Parry,456.05,10.38,8095.69,2.08,324.9,-57.82,7026.45,-1.68,39.29,33.47,11.97,16.25
18,Sonata Software,1003.9,30.32,14075.92,1.57,120.12,11.47,2015.53,13.3,39.12,26.75,18.97,37.68
19,Sharda Motor,855.85,11.79,2544.58,0.95,55.09,23.22,654.1,4.19,39.08,13.06,11.63,29.74
20,Expleo Solutions,1407.85,17.88,2184.95,0.36,20.19,-12.06,225.12,5.99,38.83,35.46,18.79,28.82
21,Coromandel Inter,1069.95,15.69,31495.1,1.12,494.03,-1.01,5693.39,-0.62,38.28,39.74,12.61,28.12
22,Mazagon Dock,1872,33.05,37756.37,0.49,286.62,32.07,2172.76,-2.58,38.2,15.12,12.88,28.61
23,Cigniti Tech.,770.2,11.9,2164.65,0.39,44.56,43.74,439.53,16.29,38.15,26.1,27.01,32.09
24,LTIMindtree,5085.15,33.78,150472.38,1.18,1152.3,4.15,8702.1,13.84,37.74,72.49,24.03,28.55
25,Shivalik Bimetal,517.7,39.17,2982.17,0.1,20.23,18.23,113.07,15.74,37.71,23.97,18.33,33.03
26,Fineotex Chem,277.5,32.62,3073.27,0.29,26.13,29.89,132.23,-2.61,37.3,16.5,18.36,28.92
27,Avantel,214.15,51.53,1736.54,0.09,8.69,72.76,68.9,155.28,37.08,65.95,13.64,30.72
28,eClerx Services,1647.65,16.29,8077.66,0.06,106.66,7.18,684.48,10.79,37.05,18.44,14.89,29.78
29,Likhitha Infra.,273.35,17.4,1078.37,0.46,15.83,13.8,99.26,24.54,36.16,31.74,24.43,27.16
30,Solar Industries,4348.65,50.16,39350.96,0.18,201.59,15.98,1682.21,4.12,35.98,47.51,20.72,33.38
31,D-Link India,323.25,12.83,1147.69,1.55,20.72,32.74,297.69,1.56,34.68,13.27,12.72,26.05
32,JTL Industries,382.1,31.12,3222.71,0.05,25.37,110.19,504.8,37.16,34.58,26.5,33.44,30.07
33,Stylam Industrie,1605.25,26.47,2720.59,0.16,27.77,32.62,225.68,-3.96,32.24,23.49,21.11,26.33
34,WPIL,2962.15,14.7,2893.16,0.68,40.43,29.63,357.71,19.55,31.72,46.83,13.39,26.25
35,Coforge,4920.15,40.32,30065.69,1.3,175.7,10.42,2221,21.41,31.61,23.62,14.77,25.13
36,Monarch Networth,328.1,23.36,1111.26,0.3,17.03,37.09,41.34,26.97,31.19,17.87,19.96,22.12
37,Gravita India,729.05,23.89,5033.21,0.6,52.55,22.48,703.39,21.34,31.11,24.48,21.54,41.22
38,Brightcom Group,25.4,3.62,5125.52,1.18,321.48,15.96,1690.32,14.16,30.91,30.11,16.54,22.3
39,R Systems Intl.,508.9,46.87,6020.46,1.28,14.43,-54.65,406.78,8.48,30.64,18.93,12.54,27.73
40,Vinati Organics,1809.9,42.27,18602.52,0.39,83.24,-17.74,431.03,-14.87,30.35,15.79,14.13,22.63
41,Persistent Sys,4851.7,38.62,37079.12,0.82,228.77,8.11,2321.18,23.59,30.3,38.29,20.49,25.32
42,Schaeffler India,2988.95,51.74,46718.39,0.8,237.28,10.56,1829.14,4.59,28.98,11.8,17.15,21.88
43,Raghav Product.,536.75,47.44,1231.98,0.09,5.95,2.23,30.17,-9.83,28.46,18.85,23.12,21.14
44,Saksoft,344,40.7,3635.74,0.2,25.15,41.29,183.47,23.95,28.41,33.2,15.4,22.67
45,HCL Technologies,1173.7,21.1,318502.87,4.09,3531,7.62,26296,12.07,28.28,17.12,17.15,23
46,Timken India,3204.95,66.45,24107.23,0.05,90.14,-23.64,717.58,2.62,27.99,16.03,15.13,21.13
47,Kewal Kir.Cloth.,712.05,33.36,4388.02,0.7,33.84,56.74,178.4,15.44,27.86,19.79,10.24,23.26
48,V I P Inds.,678.9,58.14,9631.17,0.66,57.75,-34.45,636.13,7.71,27.85,27.12,10.02,29
49,Grindwell Norton,2190.65,66.38,24254.88,0.66,96.88,4.81,668.35,4.76,27.78,16.29,10.38,20.74
50,APL Apollo Tubes,1549.75,60.13,42979.34,0.32,193.62,60.45,4544.9,32.17,27.67,23.66,23.19,24.36
51,Indraprastha Gas,429.2,20.54,30044.03,3.03,438.4,4.17,3406.99,6.67,27.28,48.85,15.44,20.61
52,Dhanuka Agritech,770.25,16.15,3510.67,1.82,32.94,-32.93,369.07,-6.02,27.01,11.27,11.31,21.32
53,Caplin Point Lab,1057.1,20.38,8025.69,0.43,104.23,21.7,395.32,14.15,26.82,15.24,29.9,22.37
54,Mahanagar Gas,980.75,9.95,9687.63,2.65,368.4,98.92,1537.79,5.71,26.79,45.07,15.32,20.44
55,KMC Speciality,73.31,43.45,1195.69,0,6.94,13.58,40.84,16.52,26.38,16.36,18.37,26.65
56,Action Const.Eq.,791.1,48.3,9420.67,0.13,67.57,55.32,651.61,30.93,26.2,28.12,12.44,18.78
57,Chamanlal Setia,216.4,9.11,1119.51,0,27.47,23.35,263.35,-35.74,26.19,12.24,17.68,23.12
58,Redington,154.35,9.1,12064.03,4.66,255.2,-21.22,21187.18,26.09,25.94,26.92,12.63,21.89
59,KEI Industries,2454.75,44.73,22139.99,0.12,121.39,16.98,1782.57,13.87,25.82,13.62,15.34,20.21
60,Mastek,2103.4,23.68,6437.58,0.33,73.53,-9.16,725.25,27.18,25.4,21.49,14.13,20.15
61,AIA Engineering,3623.45,30.05,34176.51,0.44,272.52,42.98,1239.58,14.81,25.22,29.76,10.86,20.22
62,Titan Company,3050.45,84.16,270814.73,0.33,756,-4.08,11897,25.99,25.13,23.76,14.89,30.75
63,Volt.Transform.,5129.2,23.16,5189.27,0.78,50.78,90.33,322.19,19.27,25.07,16.32,10.39,19.18
64,Vadilal Inds.,2754.7,16.81,1980.63,0.05,71.01,43.57,410.91,5.04,25,16.8,12.57,27.73
65,PSP Projects,788.3,20.09,2837.88,0.63,36.72,28.89,509.56,47.6,24.53,17.69,22.31,17.92
66,Blue Star,747.65,49.97,14401.82,1.61,83.37,12.26,2226,12.59,24.46,17.82,10.56,23.41
67,K P R Mill Ltd,684.95,29.63,23412.55,0.58,202.84,-10.52,1610.73,1.63,24.44,12.84,14.03,23.38
68,Newgen Software,910.9,35.61,6374.49,0.55,27.97,48.46,223.6,33.33,23.95,28.59,16.65,19.97
69,Agarwal Indl.,821.5,12.75,1228.78,0.3,27.57,17.52,628.76,8.26,23.84,16.48,32.51,26.6
70,Berger Paints,705.25,71.34,68509.57,0.45,354.91,39.82,3029.51,9.78,23.78,11.46,12.59,20.44
71,Grauer & Weil,133.4,24.88,3024.25,0.6,36.9,27.99,200.26,0.7,23.68,18.12,11.6,17.99
72,GMM Pfaudler,1509.15,36.48,6784.72,0.13,54.27,21.93,912.27,23.41,23.18,22.82,31.04,24.94
73,Control Print,732.4,21.73,1196.13,1.23,14.48,22.05,83.61,26.26,23.11,20.01,14.32,19.12
74,Thejo Engg.,1589.9,52.1,1701.35,0.13,13.5,20.99,134.69,20.83,22.8,11.72,14.16,18.08
75,Jash Engineering,1476.6,33.86,1776.34,0,-3.37,18.6,64.22,38.23,22.54,13.75,17.24,24.31
76,Tech Mahindra,1210.8,26.94,118022.32,2.64,703.6,-38.8,13159,3.55,22.49,13.96,22.73,17.62
77,Marksans Pharma,111.95,18.58,5073.17,0.45,70.44,14.97,500.03,15.28,22.48,21.75,15.5,18.61
78,J B Chem & Pharm,2668.15,46.22,20668.56,0.67,142.32,35.5,896.2,14.19,22.41,25.26,13.78,17.63
79,La Opala RG,442.45,37.31,4911.2,0.45,28.72,43.03,86.22,4.95,22.32,22.46,11.48,16.23
80,Power Mech Proj.,3918.85,26.69,5841.58,0.04,50.97,29.27,865.13,15.87,22.22,31.24,14.43,17.88
81,NESCO,669.2,15.06,4715.18,0.67,76.1,41.63,136.59,32.53,21.82,57.37,14.3,16.74
82,P I Industries,3760.2,42.26,57049.05,0.27,382.9,45.92,1910.4,23.79,21.69,21.43,18.88,18.46
83,GNA Axles,975.15,15.35,2093.2,0.62,33.16,22.59,374.02,-0.31,21.61,20.13,16.33,19.88
84,RACL Geartech,1262.4,33.87,1361.07,0.12,8.78,45.12,88.44,13.05,21.58,26.06,14.22,25.06
85,KDDL Ltd,1941.65,36.78,2434.27,0.1,32.87,95.45,331.52,34.07,21.58,30.2,15.2,15.14
86,ICICI Lombard,1327.9,36.85,65237.83,0.75,390.36,11.84,4694.4,13.68,21.24,14.31,16.11,17.64
87,KRBL,400.7,12.9,9432.07,0.25,194.65,18.36,1413.65,15.1,20.88,25.45,10.09,16
88,Satia Industries,132.25,5.37,1322.5,0.76,84.15,178.27,481.17,15.38,20.66,74.37,21.09,30.07
89,Paushak,6774.35,41.5,2087.93,0.26,9.14,-20.87,48.61,-3.36,20.51,18.64,15.37,15.27
90,Navin Fluo.Intl.,4414.8,60.42,21887.38,0.16,61.53,-17.35,491.15,23.55,20.45,42.42,14.21,18.21
91,Monte Carlo Fas.,748.95,12.41,1552.73,2.67,-11.59,-195.66,138.77,22.95,20.37,17.23,11.03,18.13
92,Avenue Super.,3540.95,96.19,230294.08,0,658.71,2.46,11865.44,18.2,20.1,24.66,29.06,15.95
93,Transpek Inds.,1902.4,12.81,1062.6,1.45,15.85,-3.35,162.16,-23.32,19.92,12.87,13.07,15.96
94,Torrent Pharma.,1980.6,52.82,67032.5,1.11,378,6.78,2591,10.4,19.82,13.08,11.63,20.03
95,Cyient,1541.9,28.23,17049.56,1.69,169.1,51.55,1686.5,34.91,19.77,36.52,12.38,16.63
96,Granules India,290.35,16.5,7209.18,0.52,47.9,-62.45,985.52,-3.34,19.43,13.81,19.47,19.1
97,Poly Medicure,1340.95,59.85,12869.18,0.19,62.7,132.57,320.83,28.93,18.91,23.67,15.71,15.39
98,Arman Financial,2366.65,17.03,2010.13,0,39.94,154.23,149.51,89.49,18.72,87.29,37.95,32.44
99,Natco Pharma,864.95,19.37,15790.28,0.81,420.3,31.18,1140.5,28.93,18.03,22.48,15.15,15.66
100,HLE Glascoat,570.4,79.27,3893.86,0.18,7.71,-40.78,126.49,-10.2,17.7,18.26,23.99,17.48
101,Sun Pharma.Inds.,1134.9,30.85,272300.53,1.01,2005.65,10.03,11940.84,10.96,17.37,13.52,14.7,16.55
102,ERIS Lifescience,830.25,30.13,11291.9,0.89,93.65,0.61,466.62,17.07,17.01,25.56,15.67,18.23
103,Kovai Medical,2492.15,22.16,2726.41,0.2,31.05,30.52,274.61,16.34,16.79,17.2,13.12,17.67
104,Jubilant Food.,481.35,117.91,31761.65,0.25,28.92,-74.31,1334.54,6.33,16.21,10.08,13.81,18.11
105,CCL Products,606.05,29.12,8062.16,0.91,60.71,15.11,654.93,28.6,15.76,34.75,12.27,19.68
106,Team Lease Serv.,2192.7,33.4,3748.81,0,25.76,-2.9,2171.6,15.55,14.82,16.9,20.19,15.13
107,TVS Motor Co.,1341.4,44.11,63729.91,0.37,441.47,46.02,9055.51,23.78,13.48,24.95,15.59,25.64
108,SIS,453.5,18.7,6608.98,0,89.51,8.59,2976.73,11.15,10.55,12.42,15.7,15.58
109,EKI Energy,446.65,3.55,1228.97,1.12,38.09,-76.34,406.57,-40.89,236.09,349.96,29.96,0.14
110,Exhicon Events,305,39.54,362.2,0,4.45,nan,29.53,nan,222.26,nan,8.98,nan
111,Remus Pharma.,4611.25,79.91,679.24,0,4.43,nan,24.55,nan,171.94,55.74,2.54,0.5
112,Ksolves India,1326.6,58.62,1572.82,1.77,7.55,35.3,23.66,46.87,171.27,111.6,0.99,0.51
113,Vasa Denticity,457.55,96.42,732.82,0,nan,nan,nan,nan,111.65,59.43,0.96,0.36
114,Jeena Sikho,1129,46.21,1559.28,0,22.53,nan,117.39,nan,102.84,29.28,59.74,16.66
115,Systango Tech,240.9,25.26,353.37,0,9.63,nan,29.95,nan,95.87,54.18,3.49,0.93
116,Knowledge Marine,1398.5,32.1,1510.52,0,23.36,nan,78.82,nan,89.07,103.51,58.83,27.27
117,Waaree Renewab.,1316.15,48.54,2739.54,0.08,11.1,11.78,128.94,35.68,84.06,295.34,74.43,30.49
118,Lloyds Metals,570.4,24.28,25372.77,0.09,403.25,52.7,1965.52,133.25,81.99,108.46,532.37,373.93
119,Dreamfolks Servi,519.65,37.6,2715.17,0.1,13.09,-2.6,266.3,66.17,76.91,28.19,13.12,5.41
120,Phantom Digital,534.25,38.39,621.87,0,6.06,47.45,23.65,94.01,75.34,64.77,10.4,1.07
121,Jyoti Resins,1506.5,34.04,1807.8,0.17,15.74,73.54,61.18,-4.27,72.9,52.59,47.26,18.79
122,Netweb Technolog,815.1,97.36,4569.86,0,5.09,-9.27,59.8,-13.72,64.41,41.82,23.36,6.22
123,Innokaiz India,142.4,16.16,145.58,0,3.64,nan,75.59,nan,62.13,17.07,0.35,0.17
124,Guj. Themis Bio.,801.85,20.11,1164.98,0.67,17.72,-0.28,49.59,10.35,61.14,20.51,32.66,17.08
125,Homesfy Realty,418,36.91,127.71,0,1.86,nan,28.54,nan,60.14,64.56,1.46,0.12
126,Macfos,322.05,38.4,284.54,0,4.49,nan,44.39,nan,58.06,70.34,5.53,1.06
127,Kotyark Indust.,582.5,44.36,508.77,0.34,7.29,29.48,65.14,-25.59,55.91,63.99,10.31,5.61
128,CFF Fluid,364.65,70.03,710.12,0,3.74,nan,31.7,nan,55.69,30.53,26.28,10.11
129,Technvision Ven.,199,nan,124.97,0,-6.84,-3520,31.26,-9.68,54.81,25.92,4.55,1.66
130,Global Education,165.55,13.06,337.07,1.81,6.6,89.66,14.04,16.13,54.26,31.96,12.5,2.64
131,Praveg,471.45,43.46,1038.23,0.85,1.17,-79.29,11.97,-40.3,53.08,12.31,33.78,3.09
132,K.P. Energy,368.95,16.75,820.18,0.09,15.04,52.38,111.75,-9.78,51.84,80.23,141.27,80.6
133,Prudent Corp.,1160.1,38.31,4803.59,0.13,28.06,44.86,165.43,28.82,51.45,37.74,164.14,27.47
134,Sumuka Agro,145.55,27.81,103.44,0,1.48,1750,11.47,407.52,51.19,284.76,0.2,0.1
135,Jainam Ferro,117.35,5.33,123.94,0,2.84,nan,90.04,nan,51.17,28.12,5.56,2.2
136,Axita Cotton,26.1,27.97,513.02,0.19,5.75,29.21,227.87,11.36,48.66,4.49,9.82,3.4
137,Refex Industries,695.15,12.35,1536.77,0,22.01,59.05,381.37,43.81,48.06,35.1,146.76,21.94
138,Anand Rathi Wea.,1391.95,32.05,5802.8,0.86,52.36,32.66,167.71,31.07,47.91,18.02,110.18,32.13
139,Tata Elxsi,7008.15,57.48,43644.26,0.86,188.85,2.24,850.27,17.13,47.74,25.01,333.59,147.06
140,Gensol Engineer.,1709.35,83.38,2088.64,0,12.43,19.63,146.63,45.63,46.26,70.28,50.14,1.21
141,PNGS Gargi FJ,197.5,37.88,190.15,0,1.28,39.13,6.52,22.33,46.15,nan,1.29,0
142,Hawkins Cookers,6902.6,39.47,3651.48,1.45,20.8,-9.84,203.43,2.88,45.83,14.28,66.17,32.29
143,Sagar Diamonds,39,2.32,49.31,0,7.5,nan,4056.11,nan,45.3,53.46,8.35,2.81
144,Clean Science,1375.2,50.17,14611.15,0.36,58.94,-6.3,188.11,-19.64,44.5,30.68,460.09,165.58
145,Bombay Metrics,185,41.42,113.9,0.22,0.09,nan,26.7,nan,44.49,32.85,5.48,0.11
146,Vinyl Chemicals,426.75,27.73,782.54,1.17,3.5,-67.95,115.31,-62.89,44.41,39.58,0.85,0.21
147,NINtec Systems,403.65,135.1,749.82,0,2.69,120.49,13.14,104.67,44.36,61,1.77,0.64
148,Angel One,1761.25,15.89,14769.54,2.26,220.8,21.59,807.5,18.4,43.95,58.95,186.53,124.06
149,Dev Labtech,60.95,56.01,50.41,0,0.45,nan,20.68,nan,43.17,37.04,4.15,0.81
150,Bhatia Colour,46.18,20.4,56.5,0,1.05,nan,49.68,nan,42.9,nan,0.52,nan
151,Yudiz Solutions,172.35,63.75,177.85,0,nan,nan,nan,nan,41.01,42.67,4.68,0.99
152,Sonata Software,1003.9,30.32,14075.92,1.57,120.12,11.47,2015.53,13.3,39.12,25.78,1732.27,298.14
153,Expleo Solutions,1407.85,17.88,2184.95,0.36,20.19,-12.06,225.12,5.99,38.83,49.52,142,25.99
154,Seacoast Ship.,3.73,12.36,200.93,0,4.99,-50.05,99.73,7.17,38.41,838.31,0.04,0
155,VST Industries,3456.05,16.49,5336.14,4.34,83.7,-3.95,333.29,10.74,38.05,1.41,590.24,187.1
156,Tanla Platforms,1098.25,30.58,14760.52,0.91,135.4,34.85,911.11,13.87,37.91,19.97,483.56,257.34
157,M B Agro Prod.,631.8,26.94,2768.14,0.04,7.24,-74.75,149.03,-30.04,37.76,96.74,203.15,83.17
158,Shivalik Bimetal,517.7,39.17,2982.17,0.1,20.23,18.23,113.07,15.74,37.71,30.93,103.49,45.41
159,Tube Investments,2785.8,61.43,53840.03,0.13,283.69,13.91,3897.66,3.21,37.66,46.59,3592.62,1514.6
160,Anlon Tech,258.5,32.63,144.89,0,1.87,49.6,10.69,12.29,37.58,33.93,3.98,1.73
161,Safari Inds.,3466.6,55.52,8240.43,0.1,49.94,87.81,426.68,45.6,37.49,20.9,184.05,79.44
162,Fineotex Chem,277.5,32.62,3073.27,0.29,26.13,29.89,132.23,-2.61,37.3,38.09,98.88,40.6
163,MOS Utility,96.65,42.43,241,0,3.72,nan,52.84,nan,37.14,-42.37,11.51,5.42
164,Balaxi Pharma,465.75,13.53,476.47,0.11,-41.34,-75.97,65.96,-20.32,36.69,94.63,41.41,0.19
165,M K Exim India,99.93,14.75,268.93,0,3.74,100,25.76,20.54,36.63,28.6,6.94,1.82
166,Cosmic CRF,300,32.4,207.66,0,nan,nan,nan,nan,35.66,nan,41.48,nan
167,BIGBLOC Const.,140.8,36.1,996.69,0.21,5.9,-30.01,54.87,-1.21,35.49,18.99,86.2,67.78
168,Srivari Spices &,106.55,24.31,76.1,0,nan,nan,nan,nan,34.96,473.35,4.86,1.58
169,JTL Industries,382.1,31.12,3222.71,0.05,25.37,110.19,504.8,37.16,34.58,88.87,65.36,23.68
170,Silicon Rental,147.85,14.23,151.87,0.68,5.25,nan,18.71,nan,34.56,43.56,39.97,10.91
171,Network People,1422.35,80.55,919.12,0,5.16,3340,24.48,622.12,34.35,39.05,13.06,2.97
172,Timescan Logist.,156.75,14.72,54.77,0,1.77,nan,87.4,nan,34.27,46.14,2.73,1.97
173,MPS,1487.35,26.78,2544.23,1.34,24.65,54.55,80.25,16.46,33.72,16.67,74.14,30.42
174,Advait Infratech,432.2,43.86,440.84,0.12,6.53,nan,64.45,nan,33.68,36.06,17.17,2.14
175,F A C T,452.55,45.2,29283.24,0,71.81,-9.53,1232.57,-4.63,33.46,30.8,813.79,257.54
176,Magellanic Cloud,357.6,50.4,4179.59,0.03,18.89,89.47,137.78,67.23,32.91,34.81,429.1,46.35
177,Srivasavi Adhes.,140,54.82,198.44,0,1.81,nan,28.61,nan,32.48,8.76,10.17,4.92
178,SBC Exports,22.25,42.5,470.9,0,4.58,95.73,49.61,23.47,32.46,19.8,7.71,3.82
179,Prevest Denpro,450.35,33.55,540.56,0,4.08,10.87,13.39,8.25,32.25,30.19,7.41,5.2
180,BLS Internat.,259.35,44.62,10654.62,0.19,70.99,126.16,383.49,40.57,32.19,24.48,233.71,41.17
181,Epigral,886.85,13.29,3684.88,0.56,31.68,-70.61,454.89,-14.63,32.07,53.04,1804.05,440.17
182,Brand Concepts,443,42.35,468.82,0.11,3.12,64.21,58.06,82.01,31.88,31.81,15.33,3.78
183,Coforge,4920.15,40.32,30065.69,1.3,175.7,10.42,2221,21.41,31.61,24.19,2311.9,1079.3
184,CG-VAK Software,510.25,21.17,257.69,0.2,3.16,8.97,20.76,21.12,31.56,25.13,26.91,6.87
185,C D S L,1145.45,41.03,11969.95,1.4,73.68,27.7,149.68,6.78,31.46,37.28,124.59,74.35
186,Insolation Ener,256.15,49.96,533.61,0,6.08,nan,163.71,nan,31.39,nan,37.86,nan
187,Trans India,18.85,10.93,39.44,0,0.34,200,12.73,1036.61,31.28,nan,0.03,0
188,Galaxy Bearings,1450.2,25.39,461.16,0,3.48,176.19,28.94,61.77,31.19,35.03,11.69,8.26
189,Monarch Networth,328.1,23.36,1111.26,0.3,17.03,37.09,41.34,26.97,31.19,30.58,8.2,4
190,DRC Systems,41.35,25.53,181.54,0,1.11,58.57,7.11,59.06,31.14,nan,5.35,nan
191,Bizotic Commer.,47.75,63.98,38.39,0,nan,nan,nan,nan,31.12,88.6,0.57,0.02
192,Guj. Containers,191,11.68,107.92,0,2.27,-44.9,31.91,-23.95,30.67,21.44,11.96,9.74
193,R Systems Intl.,508.9,46.87,6020.46,1.28,14.43,-54.65,406.78,8.48,30.64,23.26,145.34,72.03
194,KPIT Technologi.,1152.65,73.2,31599.19,0.36,134.44,57.47,1097.62,60.07,30.41,15.99,1684.44,526.42
195,B N Rathi Sec.,42.58,4.31,35.77,3.52,2.21,33.13,10.38,3.28,30.4,21,3.29,0.27
196,Dhunseri Invest.,693.9,1.86,423.08,0.36,40.77,-73.7,52.95,34.15,30.34,46.77,78.01,54.83
197,Persistent Sys,4851.7,38.62,37079.12,0.82,228.77,8.11,2321.18,23.59,30.3,32.8,2341.33,431.53
198,AGI Infra,597.8,14.48,730.32,0.17,13.34,21.05,68.81,23.58,29.97,38.36,170.56,29.25
199,Aaron Industries,272.2,47.22,273.4,0.29,1.61,30.89,15.52,29.23,29.71,37.68,18.92,9.29
200,Priti Internati.,179.55,27.41,208.62,0,1.77,12.03,17.25,33.72,29.57,52.85,7.12,0.74
201,Indo Borax & Ch.,159.6,10.62,512.16,0.63,10.38,-11.51,54.98,4.68,29.23,25,96.22,45.52
202,Rajnandini Metal,8.9,16.77,246.07,0.75,4.59,27.86,265.86,1.92,29.22,90.67,34.87,16.92
203,Lloyds Engineeri,42.85,107.01,4236.57,0.23,12.84,2.07,113.12,122.81,29.2,39.78,33.34,14.25
204,Thomas Scott,68.15,11.32,37.58,0,1.15,61.97,18.38,42.59,29.02,42.52,4.17,1.3
205,Vasundhara Rasy.,205.1,10.94,65.18,0.98,0.96,60,8.33,-15.77,28.79,21.4,0.86,0.3
206,Fidel Softech,91.5,19.63,125.82,0.77,1.56,188.89,9.22,35.19,28.62,14.24,0.32,0.76
207,E2E Networks,335.55,33.92,485.71,0,6.97,173.33,19.46,28.11,28.61,38.16,42,9.6
208,Danlaw Tech.,799,29.5,296.23,0,3.66,325.58,46.39,24.2,28.53,121.69,33.66,7.67
209,Chemcrux Enterp.,308.8,35.56,457.3,0.65,2.33,-39.16,22.29,-17.14,28.5,18.31,33.1,15.4
210,Gokul Agro,110.05,12.67,1623.71,0,24.05,-14.93,2468.86,-13.81,28.21,24.35,354.95,240.15
211,CMS Info Systems,351.05,19.44,5420.21,0,75.33,4.77,456.57,14.31,28.17,13.6,752.72,328.1
212,Lancer Containe.,220.2,24.84,1355.42,0,14.12,6.25,164.25,-29.1,28.12,46.68,131.27,65.97
213,Apcotex Industri,528.35,31.67,2739.23,1.04,12.12,-63.89,277.73,-9.39,28,29.61,385.31,124.88
214,Dhunseri Vent.,253.2,2.18,886.71,1.97,40.21,-77.18,40.32,3.04,27.94,49.17,76.67,53.94
215,India Pesticides,211.75,20.49,2438.59,0.35,15.89,-61.59,201.44,-7.79,27.8,22.65,237.13,99.42
216,Grindwell Norton,2190.65,66.38,24254.88,0.66,96.88,4.81,668.35,4.76,27.78,17.18,585.68,384.57
217,Upsurge Seeds,382,56.66,269.68,0,4.62,nan,53.24,nan,27.73,67.7,10.9,2.44
218,Ratnamani Metals,2608.75,32.8,18285.25,0.46,134.86,54.16,1174.93,20.28,27.64,20.06,1121.87,499.92
219,JFL Life,50.85,19.9,55.93,0,1.81,nan,23.58,nan,27.47,12.39,6.8,5.05
220,Happiest Minds,891.55,61.35,13576.06,0.61,57.44,9.33,357.05,16,27.37,24.04,199.02,37.8
221,Oriana Power Ltd,285.45,49.42,547.57,0,nan,nan,nan,nan,27.11,nan,29.04,nan
222,Dhanuka Agritech,770.25,16.15,3510.67,1.82,32.94,-32.93,369.07,-6.02,27.01,14.93,164.61,117.45
223,Oil India,288.35,4.27,31268.82,6.94,1399.49,-49.93,6208.22,-41.86,26.86,24.69,18098.06,8294.44
224,Caplin Point Lab,1057.1,20.38,8025.69,0.43,104.23,21.7,395.32,14.15,26.82,19.33,280.04,272.5
225,Frog Cellsat,239.5,21.4,368.24,0,2.99,nan,33.4,nan,26.68,15.2,8.13,9.32
226,Hind. Unilever,2554.75,57.93,600261.83,1.53,2556,8.05,15496,5.96,26.61,15.05,52678,5479
227,Sealmatic India,621.65,51.43,562.59,0.18,5.55,nan,32.91,nan,26.61,20.94,15.27,nan
228,Markolines Pavem,130.35,15.62,249.07,0.38,9.07,nan,159.55,nan,26.54,22.14,21.11,9.97
229,KMC Speciality,73.31,43.45,1195.69,0,6.94,13.58,40.84,16.52,26.38,17.43,84.27,39.41
230,Asarfi Hospital,113.45,27.84,223.24,0,nan,nan,nan,nan,26.21,17.08,38.57,18.4
231,Chamanlal Setia,216.4,9.11,1119.51,0,27.47,23.35,263.35,-35.74,26.19,20.26,132.87,36.88
232,Bajaj Auto,4615.55,19.97,130600.38,3.03,1644.14,41.33,10311.91,28.82,26.18,6.81,2842.23,1699.02
233,Concord Biotech,942.8,41.89,9863.22,0,nan,nan,nan,nan,26.17,18.53,592.98,239.6
234,Dixon Technolog.,4737.8,101.94,28218.41,0.04,67.19,47.9,3271.5,14.59,25.75,40.45,1243.64,414.08
235,Jindal Stain.,418.6,16.39,34468.97,0,737.58,48.09,10183.96,25.44,25.53,40.21,9973.18,6180.58
236,Krishna Institu.,1930.05,45.86,15445.76,0,86.68,15.52,606.03,22.3,25.43,25.1,1766.32,915.98
237,Mastek,2103.4,23.68,6437.58,0.33,73.53,-9.16,725.25,27.18,25.4,33.74,1740.25,856.74
238,H.G. Infra Engg.,936.65,11.43,6104.25,0.13,150.39,37.41,1351.16,22.18,25.36,27.75,634.83,482.69
239,Arham Tech,105,25.02,88.83,0,2.27,nan,27.06,nan,25.17,52.05,2.61,3.63
240,India Gelatine,370.35,8.46,262.66,1.35,10.04,248.61,58.04,29.21,25.06,15.87,59.95,42.66
241,Trident Lifeline,222,37.16,255.28,0,1.4,100,8.64,44.72,25.06,85.93,3.11,0.77
242,Metro Brands,1096.55,85.25,29797.11,0.36,93.5,-11.39,582.52,14.68,24.83,18.29,1302.84,708.04
243,Shree Ganesh Rem,428.35,27.2,514.31,0.12,4.75,65.51,26.72,51.47,24.68,15.58,35.23,16.27
244,KPI Green Energy,849.3,25.35,3068.86,0.18,33.26,49.62,189.36,54.79,24.66,121.65,800.63,212.99
245,Pidilite Inds.,2477.6,90.77,125974.88,0.44,473.69,32.39,3275.11,5.61,24.55,17.39,4914.08,1806.71
246,Blue Star,747.65,49.97,14401.82,1.61,83.37,12.26,2226,12.59,24.46,14.17,858.89,443.79
247,Jupiter Wagons,272.35,60.11,10552.13,0,63.6,374.27,753.19,154.97,24.39,154.32,462.88,111.05
248,D.K. Enterprises,96,16.76,72.08,0.52,1.97,nan,61.92,nan,24.04,45.39,13.63,5.22
249,eMudhra,528.45,65.43,4125.73,0.24,16.38,13.56,79.75,52.72,24.04,28.79,162.04,62.48
250,MCON Rasayan,171,94.55,107.79,0,0.47,nan,18.01,nan,24.04,51.33,1.12,1.27
251,Agarwal Indl.,821.5,12.75,1228.78,0.3,27.57,17.52,628.76,8.26,23.84,36.8,340.5,101.83
252,Alufluoride,431.25,21.24,337.26,0.46,3.64,109.2,36.63,36.12,23.64,21.58,63.88,21.43
253,Kaycee Inds.,11050,19.95,69.62,0.54,0.87,1.16,11.31,12.2,23.61,20.99,7.41,2.98
254,Annapurna Swadi.,350.3,80.57,575.26,0,4.27,nan,94.56,nan,23.42,126.52,23.57,nan
255,Dabur India,565.5,58.42,100208.56,0.92,456.61,3.7,3130.47,10.91,23.32,9.91,3578.65,2252.68
256,GMM Pfaudler,1509.15,36.48,6784.72,0.13,54.27,21.93,912.27,23.41,23.18,75.18,1213.27,133.55
257,Campus Activewe.,306.25,79.64,9340.18,0,31.48,0.51,353.76,4.75,23.11,32.85,373.22,146.25
258,Shri Techtex,88.55,24.25,220.93,0,nan,nan,nan,nan,23.1,52.4,38.43,10.15
259,Thejo Engg.,1589.9,52.1,1701.35,0.13,13.5,20.99,134.69,20.83,22.8,16.01,111.92,31.77
260,Venus Pipes,1432.65,55.37,2907.72,0.03,17.41,91.11,179.61,58.11,22.79,45.91,59.86,12.28
261,Dolat Algotech,44.85,8.71,789.36,0.56,12.87,-66.35,18.96,-61.29,22.75,18.21,1.42,0.37
262,Bodhi Tree,141.3,54.18,176.63,0,1.26,730,16.21,367.15,22.75,16.85,0.28,0.04
263,Gufic BioScience,264.1,32.29,2560.3,0.04,20.62,-2.04,195.02,17.99,22.64,22.16,159.57,82.58
264,J B Chem & Pharm,2668.15,46.22,20668.56,0.67,142.32,35.5,896.2,14.19,22.41,21.07,1901.01,651.26
265,Nirlon,409.6,19.08,3691.32,6.35,49.78,250.07,148.26,7.26,22.37,22.7,1932.21,741.17
266,Yasho Industries,1803.3,35.29,2055.62,0.03,14.55,-29.33,151.75,-17.28,22.34,31.17,176.66,106.39
267,Jay Jalaram Tech,376.35,166.88,418.88,0,1.71,nan,132.82,nan,22.34,37.84,7.29,2.95
268,Route Mobile,1535.6,27.52,9588.78,0.72,91.69,32.1,967.34,32.69,22.03,55.12,966.54,175.62
269,Megastar Foods,280,36.81,280.1,0,1.97,40.71,56.83,-2.29,21.9,18.19,39.85,17.36
270,Mankind Pharma,1848.1,59.31,74032.75,0,409.28,37.27,2300.21,11.59,21.87,19.23,3199.17,944.76
271,Kaynes Tech,1748.35,98.23,10165.34,0,25.19,109.39,290.59,51.61,21.8,44.53,133.7,54.25
272,Indrayani Biotec,54.51,22.34,186.57,0,-0.45,-125.14,42.31,65.08,21.75,48.48,57.48,17.36
273,Kilpest India,592.45,17.86,444.82,0.42,7.21,55.56,14.28,22.16,21.6,28.91,7.79,3.87
274,RACL Geartech,1262.4,33.87,1361.07,0.12,8.78,45.12,88.44,13.05,21.58,19.04,227.06,108.39
275,Indigo Paints,1498.05,49.74,7128.96,0.23,31.29,57.16,277.02,23.68,21.55,19.77,264.69,200.75
276,Tega Inds.,988.25,36.01,6567.14,0.2,21.39,-7.2,268.07,9.66,21.39,21.02,548.2,265.93
277,Bansal Roofing,106.83,30.62,140.84,0,1.15,57.53,28.93,19.89,21.25,31.47,25.14,4.59
278,Vaishali Pharma,131.05,20.79,138.86,0,1.59,5.3,13.42,31.83,21.2,5.05,2.65,1.49
279,Goldiam Intl.,126.05,17.07,1373.63,1.59,17.3,-18.58,119.77,-11.22,21.15,13.52,45.28,22.02
280,All E Tech,118,17.12,238.29,0,4.05,38.23,27.03,19.87,21.06,17.75,3.23,2.38
281,Mallcom (India),999.15,16.32,623.47,0.3,8.52,22.77,94.47,8.11,20.54,12.58,107.03,42.53
282,Edvenswa Enter,41,13.32,74.46,0,1,-14.53,19,76.91,20.54,nan,7.83,nan
283,Paushak,6774.35,41.5,2087.93,0.26,9.14,-20.87,48.61,-3.36,20.51,15.47,148.8,40.74
284,Navin Fluo.Intl.,4414.8,60.42,21887.38,0.16,61.53,-17.35,491.15,23.55,20.45,25.08,1645.88,528.76
285,Ami Organics,1280.05,54.76,4664.13,0.23,16.65,12.05,142.35,8.66,20.45,37.05,263.23,85.19
286,R O Jewels,5.39,13.53,27.19,0,1.1,279.31,272.84,1547.58,20.44,59.27,0.55,0.1
287,Hind.Oil Explor.,170.8,9.41,2258.72,0,66.07,104.23,167.61,87.44,20.42,40.38,1246.44,25.53
288,Carborundum Uni.,1089.5,47.93,20695.84,0.32,117.76,43.75,1203.22,5.56,20.4,21.44,1526.74,748.37
289,Uma Exports,47.65,6.54,161.1,0,0.57,-85.57,323.7,-8.64,20.31,22.51,8.73,2.45
290,Affle India,1082.85,56.32,14429.09,0,66.17,21.35,406.58,17.01,20.22,62.56,834.38,162.77
291,A B Infrabuild,33.2,7.01,42.06,0,6.81,nan,79.6,nan,20.15,24.61,2.94,0.99
292,Sarda Energy,199.1,11.76,7015.91,0.38,172.41,0.61,1052.12,-16.57,19.81,28.18,2907.89,1323.01
293,General Insuranc,202.35,4.96,35500.28,3.56,977.66,34.05,11165.84,-11.7,19.78,-2.52,320.13,209.07
294,Cyient,1541.9,28.23,17049.56,1.69,169.1,51.55,1686.5,34.91,19.77,10.76,2824.6,1305
295,Kirloskar Indus.,3574.1,16.32,3533.66,0.31,94.03,-16.14,1508.23,0.79,19.7,50.21,3109.16,896.64
296,Associated Cera.,140.8,15.33,42.31,0,-0.35,-138.21,7.99,-16.6,19.67,18.36,25.29,9.74
297,Sanmit Infra,78.43,262,1239.25,0.04,0.52,-45.83,33.51,-11.16,19.64,40.16,3.04,1.15
298,V-Marc India,96,20.93,218.74,0,8.05,nan,132.53,nan,19.61,13.3,54.92,10.03
299,Sigachi Indust.,374.75,27.69,1152.08,0.27,10.88,-15.13,84.7,8.16,19.6,29.51,122.31,31.59
300,Data Pattern,2158.55,89.14,12084.42,0.21,25.83,81.39,89.69,31.16,19.6,42.68,112.04,33.35
301,DHP India,791.75,14.33,237.53,0.51,4.15,-62.27,16.88,-59.39,19.57,25.2,26.24,10.42
302,Chandra Pr. Intl,23.77,nan,43.95,1.26,-2.04,-123.69,277.36,-4.23,19.41,83.01,1.89,0.26
303,Vidli Restaurant,77.9,46.34,84.33,0.64,0.63,93.33,6.9,21.91,19.3,nan,5.75,nan
304,Lorenzini Appar.,202.75,81.58,205.57,0,0.74,nan,14.2,nan,19.17,7.76,8.23,2.22
305,InfoBeans Tech.,462.5,40.45,1123.8,0.22,3.46,-70.25,91.6,-4.78,19.11,35.01,216.51,101.2
306,Pritika Engineer,51.3,15.77,55.83,0,0.98,13.95,21.49,2.97,18.99,56.01,41,16.5
307,Tarsons Products,517.35,39.32,2752.63,0,9.6,-52.73,62.57,-8.83,18.95,17.21,224.85,92.04
308,Dharmaj Crop,216.3,19.53,731.04,0,14.51,42.39,161.94,18.14,18.87,39.75,39.96,21.81
309,Sandur Manganese,1238.5,12.08,3344.67,0.4,39.8,17.79,362.53,-44.37,18.85,53.17,877.65,306.4
310,Shreyas Shipping,334.8,5.9,735.22,0.45,1.31,-98.22,70.68,-52.92,18.79,-7.56,1043,399.65
311,Supriya Lifesci.,269.15,23.26,2166.19,0.22,28.51,12.91,132.02,30.25,18.54,13.94,261.54,98.57
312,Dr Lal Pathlabs,2241.95,70.93,18712.4,0.54,83.6,43.15,541,7.62,18.49,14.88,1307,413.02
313,Crompton Gr. Con,290.8,39.96,18601.87,1.03,122.03,-5.59,1876.85,0.75,18.49,14.97,3249.94,908.97
314,Golkunda Diamond,100.85,10.51,70.19,1.49,0.44,-86.25,54.9,-17.59,18.45,20.7,8.42,3.36
315,Rossari Biotech,809.75,41.48,4472.03,0.06,29.22,1.88,410.61,-5.54,18.45,40.26,583.61,93.54
316,Aether Industri.,1050.85,100.65,13084.21,0,30.2,-1.37,161.11,0.69,18.44,29.2,646.19,129.33
317,Kings Infra,128.6,43.44,302.37,0,2.15,117.17,20.96,87.14,18.42,22.48,20.9,1.87
318,Virtuoso Optoel.,241.9,71.1,552.47,0,2.73,nan,224.74,nan,18.32,70.38,88.48,11.24
319,Kwality Pharma,381.1,12.87,395.44,0,5.45,-48.34,67.45,-3.94,18.27,21.92,119.58,41.63
320,Dr Agarwal's Eye,2246.65,26.83,1055.93,0.13,11.54,26.67,77.8,17.19,18.23,15.04,260.37,93.58
321,Hindustan Foods,544.15,77.07,6134.89,0,23.37,56.95,619.25,3.55,18.19,49.86,554.08,249.76
322,Sportking India,793.1,15.7,1053.81,0,18.18,-78.12,538.92,-11.12,18.09,17.64,756.97,466.43
323,DB Intl.Stock,31.5,17.58,110.25,0,1.99,-5.24,10.44,52.63,18.08,40.56,3.08,0.58
324,Antony Waste han,322.8,14.46,913.11,0,22.61,-21.25,221.99,-5.58,18,23.84,527.59,258.78
325,Radhika Jeweltec,35.1,12.44,414.18,0.57,13.83,35.32,108.1,77.3,17.87,22.09,13.75,0.58
326,M M Rubber,125.45,35.37,78.17,0,0.17,-67.31,10.52,1.64,17.82,11.62,19.5,10.2
327,Carysil,621.4,36.78,1666.34,0.39,11.66,-38.04,141.67,-17.3,17.73,29.07,328.08,124.84
328,Wipro,411.7,19.41,226019.35,0.24,2886,12.16,22831,6.05,17.71,13.96,44756.8,22062.1
329,HLE Glascoat,570.4,79.27,3893.86,0.18,7.71,-40.78,126.49,-10.2,17.7,18.8,227.49,88.49
330,Sky Gold,297.75,13.34,319.9,0.34,10.67,101.7,375.7,20.14,17.7,16.92,9.16,3.71
331,Wardwizard Inno.,40.2,113.98,1040.67,0.25,1.75,-15.05,37.87,-30.72,17.68,1340.1,53.06,0.42
332,Vidhi Specialty,410.2,58.15,2048.74,0.2,8.38,-23.82,79.67,-33.99,17.58,21.61,46.58,31.05
333,Religare Enterp.,225.35,138.67,7299.34,0,92.53,182.85,1284.62,35.15,17.58,25.18,201.43,174.97
334,Haldyn Glass,98.34,17.94,528.59,0.71,9.15,38.85,72.92,-4.55,17.49,11.73,57.31,50.42
335,QMS Medical,142.25,39.8,253.92,0,2.46,267.16,25.96,5.92,17.46,12.67,7.97,3.24
336,Inflame Applian.,655.5,105.07,481.2,0,2.81,nan,40.6,nan,17.34,71.26,13.08,11.8
337,Shree Vasu Logis,184,102.91,210.97,0,0.73,-20.65,29.19,17.65,17.3,17.3,98.6,24.98
338,Destiny Logistic,18.5,13.75,28.47,0,1,nan,49.63,nan,17.3,103.3,5.56,0
339,Servotech Power,90.8,135.5,1930.9,0.02,4.03,1051.43,68.14,124.66,17.11,42.76,21.51,8.43
340,Osia Hyper Reta.,41.8,41.13,431.06,0,3.7,nan,205.34,nan,17.09,29.36,65.24,24.59
341,ADF Foods,1092.4,38.15,2400.3,0.46,14.73,92.55,112.42,15.66,17.06,16.44,174.91,77.2
342,Aegis Logistics,355.3,26.23,12471.03,1.62,132.69,12.03,2100.53,-6.04,17.02,6.3,3661.16,1698.71
343,ERIS Lifescience,830.25,30.13,11291.9,0.89,93.65,0.61,466.62,17.07,17.01,16.2,2568.45,874.85
344,Hariom Pipe,555.8,29.45,1534.88,0,15.44,61.84,240.12,68.73,17.01,58.79,134.52,49.5
345,Reetech Intl,59.85,27.5,25.3,0,2.46,nan,69.49,nan,16.98,nan,1.2,nan
346,Rushil Decor,265.45,11.24,704.55,0.19,12.2,-55.15,192.82,-8.52,16.92,35.69,641.28,197.27
347,Solex Energy,640.5,189.08,512.4,0.02,3.17,nan,141.12,nan,16.8,5.45,54.55,1.13
348,Vippy Spinpro,149.4,15.47,87.7,0,0.14,-97.3,64.36,44.11,16.75,12.2,59.92,12.62
349,Vesuvius India,3398.6,43.3,6899.16,0.24,52.24,77.51,405.05,22.87,16.66,14.82,219.64,123.92
350,Indo US Bio-Tech,394.9,54.69,395.93,0.05,2.37,31.67,19.14,33.1,16.66,15.8,5.54,1.41
351,NDR Auto Compon.,465,17.13,553.01,0.54,8.24,103.46,127.63,102.46,16.62,59.6,133.48,33.44
352,GI Engg.Sol.,10.5,23.61,90.43,0,0.94,9500,93.31,310933.33,16.6,1869.52,0.01,0
353,Lumax Auto Tech.,393.35,27.13,2680.98,1.14,30.09,1.47,631.71,49.72,16.57,17.43,1028.3,355.04
354,Ethos Ltd,1648.4,59.09,3848.89,0,17.99,42.44,230.02,32.53,16.4,20.06,196.94,128.16
355,Intense Tech.,80.15,12.05,188.09,0.62,3.18,142.75,23.6,38.91,16.36,9.69,23.78,2.89
356,B&B Triplewall,230.4,24.73,472.58,0,4.51,28.49,85.79,2.18,16.32,20.78,58.47,53.42
357,A G Universal,49,23.16,26.87,0,0.56,nan,35.92,nan,16.18,43.81,8.59,4
358,Meghmani Organi.,78.65,25.34,2000.18,1.78,-34.5,-131.63,425.78,-45.65,16.13,53.95,1166.08,480.55
359,Natural Capsules,360.55,23.42,332.3,0.28,1.82,-65.07,37.7,-14.69,16.12,40.41,96.76,23.81
360,DJ Mediaprint,147.3,20.04,159.49,0.1,0.22,37.5,8.62,32.41,16.05,33.64,12.18,2.99
361,Vinyoflex,85,10,36.71,0,0.55,61.76,9.34,-27.99,15.97,14.17,6.5,2.64
362,Filatex Fash.,11.73,8.29,113.56,0,1.59,3875,19.12,-49.66,15.93,41.29,3.4,2.43
363,Jindal Worldwide,387.1,88.51,7762.14,0.05,13.69,-67.18,410.7,-35.75,15.71,-1.99,369.63,295.65
364,Yash Chemex,78.69,26.17,80.61,0,1.35,69.35,31.98,185.54,15.65,2.83,4.6,0.84
365,Cargosol Logist.,44.8,10.86,45.7,0,1.27,nan,71.54,nan,15.64,38.54,25.53,2.03
366,Uday Jewellery,134.2,29.88,295.53,0,3.01,14.89,34.21,-19.3,15.6,24.43,1.44,0.91
367,Rama Steel Tubes,38,57.29,1770.13,0.05,7.46,67.14,312.52,30.21,15.59,55.9,106.35,40.78
368,Birla Precision,45.05,25.73,294.05,0,2.22,-63.49,40.76,-29.49,15.58,13.45,68.75,31.85
369,Sudarshan Pharma,78.51,26.17,188.94,0.38,3.54,nan,265.84,nan,15.49,46.08,19.89,5.64
370,Beekay Steel Ind,555.1,10.84,1058.69,0.18,39.6,-22.08,268.56,-19.88,15.47,11.59,250.07,212.62
371,Ritco Logistics,239.45,22.08,586.09,0,7.44,31.91,207.86,23.76,15.44,15.35,37.87,41.65
372,Shyam Metalics,463.25,17.64,11816.61,0.39,235.2,-43.17,3306.81,2.59,15.44,42.3,2946.05,2012.47
373,Giriraj Civil,570,51.22,230.51,0,2.88,nan,62.01,nan,15.41,57.3,8.63,0.65
374,Silver Touch,435,55.89,551.62,0.11,1.47,12.21,43.39,27.84,15.33,-4.32,31.07,19.4
375,Tembo Global,231.3,47.45,316.02,0.52,1.68,100,79.98,49.89,15.22,46.95,21.99,6.73
376,NACL Industries,79.8,37.88,1586.76,0.88,-38.06,-355.09,375.91,-20.92,15.17,27.74,417.81,190.62
377,Sukhjit Starch,401.4,11.43,627.07,1.99,10.67,-44.31,322.85,-10.76,15.15,21.87,559.07,248.95
378,AVG Logistics,255.9,36.13,301.33,0.39,2.53,6225,100.34,3.56,15.1,9.84,216.17,39.27
379,Indo Count Inds.,234.85,17.03,4651.31,0.85,73.74,-4.52,746.69,3.42,15.07,13.13,1110.47,574.6
380,Max Healthcare,533.4,44.26,51815.4,0,240.08,38.91,1284.99,20.44,15.01,62.72,7084.58,850.95
381,Tamboli Capital,134.3,13.68,133.23,0.74,2.15,-27.36,19.29,-18.57,15,16.78,57.3,20.47
382,Hindware Home In,525.9,80.13,3802.07,0.1,0.67,-93.78,633.91,-6.52,14.8,21.22,693.03,189.77
383,Samrat Forgings,299.25,28.61,149.63,0,1.41,34.29,43.66,0.72,14.8,30.9,50.4,31.7
384,Valiant Organics,461.85,15.99,1254.08,0.22,14.93,-42.85,201.84,-24.11,14.75,15.94,670.25,276.38
385,Total Transport,127.9,71.12,206.26,0.59,1.33,-50.56,113.78,-35.24,14.73,13.89,15.29,8.25
386,Ideaforge Tech,1022.45,139.51,4260.61,0,18.86,-54.28,97.07,-2.22,14.72,136.85,48.7,4.62
387,Assoc.Alcohols,435.55,19.44,787.44,0.23,12.35,-7.9,156.35,-15.17,14.6,10.29,110.43,109.54
388,Swiss Military,16.18,60.47,318.09,0.99,1.43,5.93,38.84,67.56,14.6,211.07,1.05,0.01
389,Pokarna,457.35,25.67,1417.97,0.13,17.92,-37.1,162.29,-32.4,14.5,22.78,733.06,269.07
390,Hindcon Chemical,138.1,24.29,141.39,1.23,2.55,145.63,17.27,-18,14.5,24.77,2.57,1.13
391,Rajeshwari Cans,170,84.13,89.18,0.15,0.44,nan,16.18,nan,14.36,13.91,6.78,3.97
392,Binny,242.95,6.88,542.26,0,17.42,-15.35,32.22,-13.22,14.26,491.12,2.19,1.75
393,Fusion Microfin.,558.2,12.99,5617.21,0,120.46,60.4,531.07,54.96,14.24,34.23,20.96,6.05
394,Steel City Sec.,62.45,8.48,94.34,3.2,2.15,-4.02,12.99,-0.99,14.18,2.01,25.59,9.3
395,Cool Caps,552.7,88.74,638.92,0,1.72,14.67,35.87,30.96,14.16,nan,45.85,nan
396,Bajaj Healthcare,321,19.43,885.91,0.47,-48.21,-51.01,129.74,-20.79,14,16.35,365.69,162.24
397,We Win Ltd,82.65,36.83,83.98,0,0.65,-15.58,14,21.53,14,6.82,3.02,2.8
398,Deep Polymers,94.8,23.99,218.35,0,1.92,-31.91,29.75,-16.39,13.94,54.14,20.42,2.64
399,Patel Engineerin,54.55,23.15,4220.08,0,43.4,46.93,1118.61,24.14,13.93,17.09,1294.27,607.24
400,Integra Essentia,5.9,37.71,269.65,0,1.11,91.38,55,-1.72,13.88,nan,40.04,0.18
401,Greenlam Industr,449.5,42.06,5708.32,0.33,32.24,31.22,515.24,9.48,13.8,15.33,517.18,428.72
402,CSL Finance,320.3,14.89,718.52,0.78,13.25,24.53,35.29,40.88,13.65,24.41,7.53,3.44
403,BCL Industries,457.3,16.92,1104.38,1.09,19.76,6.87,428.67,14.35,13.63,25.8,338.92,129.19
404,Optiemus Infra.,252.25,46.8,2165.75,0.59,9.39,88.55,281.58,36.8,13.49,52.15,210.33,146.88
405,Reliable Data,58.8,15.21,60.68,0.09,1.16,-4.9,12.97,11.33,13.44,16.6,18.74,7.76
406,SAL Automotive,399,15.68,95.67,1,1.78,368.42,84.94,41.28,13.38,52.61,32.6,9.09
407,Olectra Greentec,1192.8,146.37,9790.59,0.03,18.08,8.72,216.02,-23.14,13.3,75.87,355.51,150.61
408,ASM Technologies,469,134.77,469,1.49,-0.3,-109.2,50.95,0.06,13.25,33.8,48,14.73
409,Calcom Vision,148.1,35.93,190.06,0,0.43,-45.57,33.08,9.97,13.2,50.07,53.89,12.78
410,Manorama Indust.,1852.65,63.9,2208.32,0.11,11.55,70.61,111.56,52.88,13.18,23.06,97.34,51.38
411,Neogen Chemicals,1568.8,77.71,3912.48,0.19,11.42,2.7,170.12,15.02,13.16,30.87,347.45,110.54
412,SRG Housing,256.25,20.14,333.13,0,4.39,-10.59,26.84,29.35,13.1,8.81,24.32,4.01
413,Cadsys (India),115.5,18.48,86.65,0,14.97,nan,101.02,nan,13.03,61.1,78.92,32.81
414,Sharda Ispat,105.06,9.74,53.37,0,2.31,181.71,60.06,182.77,12.98,16.24,3.09,3.04
415,Gateway Distri,83.8,17.46,4187.02,2.39,59.82,7.24,358.29,6.04,12.76,55.72,1697.34,228.1
416,Axel Polymers,48.26,26.52,41.1,0,0.62,138.46,25.81,37.14,12.63,54.95,8.84,3.66
417,Airo Lam,113.9,21.85,170.85,0,2.64,19.46,48.81,-9.46,12.58,23.86,36.04,11.02
418,India Finsec,30.74,16.04,76.67,0,2.9,257.69,14.94,69.58,12.57,37.04,9.45,1.78
419,Stove Kraft,527.15,48.51,1741.2,0,8.2,1.49,297.75,8.25,12.51,24.12,402.14,193.69
420,Bharat Parenter.,599.5,16.03,346.19,0,7.01,525.89,69.91,167.96,12.37,-1.51,42.18,33.06
421,IM+ Capitals,483,18,473.42,0,5.45,3533.33,74.11,18902.56,12.12,165.72,67.77,0.52
422,Finkurve Fin.,71.11,67.67,902.09,0,1.9,-34.26,19.99,140.84,12.09,45.68,1.18,0.25
423,Swaraj Suiting,126,32.75,181.44,0,3.98,nan,174.44,nan,12.09,55.63,80.91,37.33
424,Electronics Mart,128.75,34.79,4953.64,0,60.26,48.2,1689.07,19.92,12,19.73,1142.12,223.24
425,HP Adhesives,523.2,63.71,961.38,0,4.51,229.2,59.32,-3.76,11.96,40.22,38.75,10.8
426,RPSG Ventures,613.6,55.82,1810.82,0,362.4,101893.33,2296.06,17.58,11.95,15.85,9956.32,3983.11
427,Aveer Foods,395,66.86,159.12,0,0.61,181.33,25.95,-10.08,11.86,nan,9.36,0.01
428,Shigan Quantum,137.05,61.12,235.93,0,-1.14,nan,53.44,nan,11.82,31.03,15.39,2.14
429,Apollo Sindoori,1430.2,36.86,371.91,0.1,3.83,18.21,121.04,109.59,11.71,23.79,49.22,29.95
430,Radico Khaitan,1280.5,81.77,17121.26,0.23,63.25,8.51,953.92,25.94,11.66,9.49,1214.33,743.43
431,Greenply Industr,160.45,31.55,1978.3,0.31,0.82,-96.04,476.14,4.98,11.63,9.12,459.17,314.28
432,Power & Instrum.,37.4,13.09,47.25,0,1,69.49,21.95,63.56,11.53,1.93,0.86,0.84
433,Laxmi Organic,255.7,68.99,6790.8,0.2,38.33,-40.51,733.58,-3.04,11.52,22.16,714.6,337.65
434,Zodiac Energy,123.35,34.64,180.5,0,0.82,167.77,32.1,33.14,11.47,26.39,2.75,0.58
435,Indus Towers,158.95,13.47,42836.02,6.92,1347.9,182.4,7075.9,2.59,11.33,61.46,32383.6,6714.1
436,Rajshree Polypac,151.9,21.21,173.91,0.33,2.09,-56.09,72.69,6.43,11.22,26.12,125.68,45.66
437,Riddhi Corporate,186.65,25.08,225.47,0.26,1.68,51.35,47.1,9.94,11.19,35.41,119.78,2.03
438,Krishana Phosch.,438.9,40,1300.85,0.11,11.88,94.75,165.36,149.9,11.1,25.77,358.47,95.62
439,Dhruv Consultanc,52.75,15.11,79.63,0,0.89,97.78,11.32,-35.9,11.1,18.54,16.73,5.49
440,RHI Magnesita,711.3,92.29,14489.99,0.35,46.81,-43.16,927.96,54.14,10.9,25.25,3258.19,227.5
441,Thirumalai Chem.,203.45,51.52,2083.09,0.74,10.65,-82.26,522.66,-15.84,10.86,25.27,671.12,549.92
442,Amber Enterp.,2816.1,58.76,9488.49,0,46.61,8.54,1701.99,-6.78,10.85,20.46,2221.54,1105.82
443,Borosil,425.55,66.14,4869.9,0,6.38,-58.84,250.56,15.88,10.82,17.1,511.98,327.23
444,Paradeep Phospha,63.05,42.24,5136.93,0,-119.41,-290.6,3054.33,25.45,10.75,47.08,2871.75,1214.03
445,Garnet Intl.,42.2,35.87,82.86,0,1.47,-38.03,37.75,139.68,10.66,50.14,11.88,11.59
446,Walpar Nutrition,96.9,76.18,45.5,0,1.14,nan,18.62,nan,10.53,nan,10.13,nan
447,Sh. Ajit Pulp,285.5,7.34,152.93,0.35,2.67,5.12,75.87,-26.53,10.42,15.65,139.99,133.64
448,Uflex,374.85,20.51,2706.79,0.8,-416.25,-121.41,3258.26,-19.19,10.35,25.57,7786.5,3807.66
449,Camlin Fine,155.2,46.05,2438.09,0,12.01,233.61,419.6,9.34,10.24,17.03,857.62,305.79
450,Gallantt Ispat L,88.1,14.45,2125.69,0,30.71,25.14,1036.17,1.48,10.21,67.08,1622.76,197.86
451,Kilitch Drugs,184.8,30.93,297.2,0,3.06,75.86,36.56,9.3,10.16,37.84,64.22,31.53
452,Arnold Holdings,19.6,17.49,58.95,0,0.61,-41.9,37.2,225.17,10.11,89,4.98,1.39
453,Adani Enterp.,2577.4,105.69,293823.89,0.05,676.93,43.77,25438.45,-37.72,10.09,46.68,56881.13,10476.46
454,Rategain Travel,572.1,73,6196.83,0,24.91,195.84,214.48,79.78,10.08,12.33,397.23,215.94
455,Mangalam Global,18.8,13.89,260.48,0.11,4.05,244.64,285.21,19.77,10.05,28.85,56.7,23.9
456,Narbada Gems,51.93,29.07,109.87,0,2.55,9.44,23.25,3.29,9.84,18.85,1.31,0.94
457,Radix Industries,114.42,95.93,171.71,0.87,0.46,142.11,7.11,142.66,9.79,35.41,0.53,0.13
458,Mangalam World.,128,25.64,313.61,0.78,9.55,nan,363.88,nan,9.75,25.36,78.06,1
459,Adani Ports,835.9,24.44,180566.01,0.6,2119.38,82.57,6247.55,23.52,9.61,20.65,72838.19,32714.51
460,TruCap Finance,55.85,353.01,649.53,0.02,1.06,806.67,37.97,46.55,9.57,86.38,52.38,3.32
461,HDFC Life Insur.,625.95,94.53,134577,0.3,416.72,15.31,23371.42,249.34,9.56,33.69,997.2,322.3
462,Cressanda Solns.,26.72,267.53,1104.88,0,0.12,-609.09,14.13,-23.16,9.52,nan,9.92,nan
463,Star Housing Fin,60.22,56.16,465.01,0.08,1.55,121.43,12.29,138.64,9.49,30.49,3.76,1.21
464,Sona Hi Sona,50,55.58,83.93,0,0.24,nan,31.29,nan,9.44,-14.78,0.42,0.09
465,Sah Polymers,110.2,83.12,284.27,0.45,0.61,-52.73,23.29,-14.44,9.31,24.75,47.35,13.19
466,Banka Bioloo,68.35,nan,74.14,0,-2.33,-516.07,8.28,-25.41,9.18,-4,10.69,4.02
467,Gulshan Polyols,197.15,30.83,1229.64,0.85,4.39,-56.92,293.47,8.62,9.04,23.86,278.59,259.91
468,Sakar Healthcare,321.35,48.1,611.85,0,2.84,-1.39,38.99,36.66,9.04,17.13,266.64,65.69
469,Tirupati Sarjan,10.6,11.21,34.98,0,0.76,26.67,25.53,10.71,9.03,9.54,8.23,4.92
470,Global Surfaces,182.7,31.96,774.32,0,2.18,-71.22,36.37,-25.3,9,2.89,88.8,60.08
471,Capri Global,746.5,69.23,15382.31,0.07,63.61,38.04,501.08,79.6,8.98,26.88,290.96,32.24
472,Tatva Chintan,1721.3,78.23,3815.27,0.12,9.5,-3.06,114.36,29.37,8.88,17.18,196.25,111.18
473,Munjal Auto Inds,59.35,31.12,593.5,3.37,10.28,-0.4,508.58,5.75,8.87,17.11,415.82,343.49
474,LKP Securities,12.67,27.95,100.33,0.79,1.42,42,18.17,0.5,8.79,1.76,23.52,6.18
475,AB Cotspin,67.2,35.83,69.16,0,1.35,nan,97.66,nan,8.76,21.57,77.34,22.13
476,ANG Lifesciences,76.68,nan,100.13,1.04,1.6,-52.1,50.61,-29.28,8.68,17.97,78.68,20.94
477,Polymechplast Ma,58.24,51.78,32.62,1.72,-0.54,-242.11,12.26,-14.86,8.59,16.38,16.44,6.49
478,Ambani Organics,120,39.79,77.19,0,1.08,nan,66.06,nan,8.56,22.32,66.13,12.25
479,Jaykay Enter.,67.86,51.32,396.69,0,0.75,4200,6.95,-29.66,8.38,433.08,30.67,1.04
480,PTC India Fin,26.8,10.62,1721.32,0,36.76,-27.29,189.75,-8.33,7.84,-16.62,30.57,21.9
481,Mohite Industrie,26.9,8.08,54.07,0,3.92,21.36,30.68,-31.61,7.75,-11.65,79.82,71.65
482,Chennai Ferrous,141.35,49.47,50.95,0,1.41,-61.68,95.69,211.69,7.61,160.83,34.3,9.79
483,Shashijit Infra.,33.75,61.25,34.91,0,0.23,91.67,8.13,-2.75,7.56,7.21,10.38,4.72
484,Manali Petrochem,61.6,57.3,1059.52,1.22,4.11,-88.67,301.32,-7.13,7.54,13.73,551.8,302.5
485,Om Infra,53.9,24.22,519.06,0.46,14.29,149.39,266.8,84.05,7.46,62.26,504.69,141.48
486,DMCC Speciality,309.25,204.58,771.27,0.32,3.14,-49.52,85.57,-24.53,7.45,27.02,229.53,101.47
487,Blue Cloud Soft.,63.25,249.99,367.49,0,0.81,8000,34.49,21456.25,7.43,562.21,0.74,1.82
488,Mahindra Logis.,374.8,862.59,2699.91,0.67,-8.46,-163.85,1293.22,7.78,7.35,13.89,829.68,230.96
489,JSW Energy,362.35,49.74,59594.82,0.55,290.35,-37.84,2927.85,-3.25,7.29,7.69,25029.18,16712.75
490,Udaipur Cement,32.35,68.43,1813.34,0,4.21,-68.98,246.3,-11.44,7.15,14.56,710.61,706.97
491,Sh.Global Trad.,32.86,68.57,4180.21,0.3,15.04,8.41,151.26,197.93,7.14,773.81,33.34,0
492,Maks Energy,40.95,78.89,28.4,0,0.6,nan,24.03,nan,7.14,1.65,0.14,0.26
493,Starteck Fin.,158.95,15.93,157.52,0.16,2.29,-12.93,6.68,9.51,7.13,-2.17,115.89,15.04
494,Candour Techtex,39,32.54,66.06,0,-0.36,-300,41.87,21.72,7.06,69.38,14.47,14.87
495,Pooja Entertain,180.85,33.25,90.43,0,1.53,-8.93,15.69,19.86,7.02,1.69,0.08,0.06
496,Chandra Bhagat,135,111.93,101.86,0,0.54,nan,75.4,nan,7.01,8.39,0.73,0.44
497,Hardwyn India,40.6,156.52,1416.47,0,1,14.94,27.16,6.14,6.83,121.36,0.9,0.05
498,Sagar Cements,231.05,nan,3020,0.3,-42.23,-450.83,539.67,-3.24,6.82,23.8,2793.4,1383.95
499,Mufin Green,43.43,62.93,655.77,0.08,3.45,200,17.52,304.62,6.82,175.06,3.15,0.09
500,Spacenet Enterpr,22.75,248.28,1214.1,0,2.45,562.16,20.8,6.94,6.76,254.5,0.56,0.09
501,Biocon,258.2,43.2,30999.49,0.58,148.9,-29.78,3422.6,59.97,6.6,21.05,29467.7,5971.1
502,Pil Italica Life,9.85,57.44,231.48,0,1.2,471.43,20.19,19.33,6.28,21.4,15.74,6.2
503,Magnum Ventures,34.9,4.42,131.22,0,3.45,78.76,112.31,-3.16,6.02,24.06,923.54,204.18
504,Ajooni Biotech,4.05,29.32,35.48,0,0.4,25,21,70.59,6.01,23,6.28,2.07
505,Spandana Sphoort,803,16.47,5699.96,0,111.13,149.9,486.85,109.73,5.97,-1.95,29.31,16.43
506,Le Merite Export,45.5,46.45,106.84,2.2,0.02,nan,195.69,nan,5.9,nan,3.58,nan
507,MRP Agro,123.5,118.68,36.79,0,0.08,nan,12.72,nan,5.82,-6.96,2.21,0.02
508,Danube Industrie,17.06,55.63,51.18,0,0.38,72.73,16.14,53.28,5.74,78.45,0.86,0
509,G K P Printing,11.62,35.5,25.56,0,0.14,-51.72,9.07,-28.75,5.72,28.25,3.5,0.92
510,Godrej Propert.,1526,65.43,42427.24,0,133.69,188.48,936.09,282.59,5.69,-2.65,217.68,112.96
511,Medplus Health,883.5,210.02,10540.66,0,3.77,17.81,1284.3,29.25,5.63,16.66,1139.52,419.46
512,Pashupati Cotsp.,107.85,40.11,164.84,0.7,3.47,nan,267.14,nan,5.58,3.7,111.66,104.77
513,Caprihans India,209.75,nan,275.4,0,-10.67,-112.13,170.99,-28.54,5.55,47.9,1029.22,19.67
514,Elegant Marbles,162.8,12.01,59.58,2.03,0.7,331.03,7.76,-1.77,5.5,51.36,1.95,0.92
515,FSN E-Commerce,132,2107.19,37655.45,0,5.42,-27.47,1421.82,23.81,5.5,42.77,727.68,227.03
516,PG Foils,263.1,nan,310.33,0.76,5.57,-45.71,83.76,-31.18,5.48,15.79,38.28,37.04
517,Nahar Poly,236.55,34.95,581.63,0.63,-2.23,-109.16,156.2,-30.4,5.35,37.66,269.47,28.82
518,Elpro Internatio,65.59,21.64,1111.61,0.35,19.5,21.42,51.5,116.93,5.27,3.88,418.39,198.81
519,Shemaroo Entert.,143.8,49.6,390.88,0,-1.03,-512,153.5,59.9,5.22,2.75,35.98,34
520,DCM Nouvelle,142.75,nan,266.62,0,-0.89,-102.87,255.43,-0.25,5.22,nan,276.35,nan
521,V-Mart Retail,2198.95,nan,4347.87,0.03,-21.95,-207.33,678.52,15.42,5.17,14.04,1445.45,667.04
522,Sonal Mercantile,71.19,5.56,104.92,0,5.03,8.64,9.64,69.42,5.11,26.26,0.18,0
523,Supreme Holdings,87.68,26.86,311.09,0,2.03,-15.77,13.59,-25.45,4.4,-2.27,435.74,8.96
524,Pace E-Commerce,18,65.42,40.56,0,0.51,nan,9.05,nan,4.38,167.03,22.61,0.03
525,Palred Technolog,150.55,nan,184.16,0,-1.18,-236.84,33.05,-9.43,4.2,48.11,6.92,2.28
526,Aarnav Fashions,29.51,nan,124.65,1.69,0.23,-91.02,78.67,-32.48,3.96,123.78,134.42,0.02
527,Dynemic Products,332.3,54.35,388.07,0,1.91,123.38,68.16,4.48,3.65,17.53,259.31,36.07
528,DIC India,444.95,134.35,408.42,0.45,-2.57,-250.29,207.69,-4.1,3.6,3.3,168.12,59.39
529,Sagardeep Alloys,22.35,82.87,38.12,0,0.12,-40,17.66,-41.17,3.52,37.09,9.41,4.69
530,Hinduja Global,1003.25,21.08,5269.1,1.5,16.64,-57.16,1133.49,-1.32,3.47,-3.33,2812.27,1732.8
531,PVR Inox,1720.85,nan,16860.33,0,-82,-253.38,1304.9,32.96,3.4,3.18,14208.55,5886.03
532,Pion. Embroider.,47.05,50.17,126.92,0.64,1.02,1600,73.72,-14.2,3.39,7.56,75.1,85.13
533,Ushanti Colour,62,65.17,63.87,0,1.01,nan,16.99,nan,3.31,-1.5,22.39,18.96
534,Sh. Bajrang All.,244,7.49,219.6,0,12.08,-28.73,151.03,193.43,3.22,44.23,38.4,8.19
535,Bonlon Industrie,28.86,27.29,40.93,0,0.61,-23.75,89.48,0.28,3.18,28.03,10.57,2.64
536,Bilcare,88.44,nan,208.23,0,-13.14,-37.88,182.25,-26.55,3.17,-18.71,1045.47,534.33
537,W S Inds.,112.15,162.18,421.68,0,4.97,2105.56,45.83,20731.82,3.16,623.92,24.52,0.02
538,Indo Rama Synth.,42.25,nan,1103.2,0,-55.18,-242.92,769.62,-34.7,3.08,24.71,783.07,702.89
539,Modi Naturals,249.05,nan,315.21,0,0.79,-69.73,83.7,-16.39,3.06,nan,27.04,nan
540,Info Edg.(India),4189.5,130.81,54121.69,0.45,147.4,-17.63,625.95,14.38,2.92,21.37,800.76,242.3
541,Mindpool Tech.,83.9,nan,35.55,0,-0.35,nan,23.11,nan,2.86,6.07,0.86,5.88
542,Guj Apollo Inds,230.9,23.27,272.46,0.87,3.24,9.83,13.21,-54.74,2.66,39.47,108.4,38.94
543,Upsurge Invest.,38.8,30.61,58.78,1.29,3.42,71,11,-2.91,2.65,13.14,0.21,0.03
544,Swan Energy,267.15,252.53,7050.54,0.04,142.88,376.85,804.3,208.89,2.59,61.59,4225.22,556.37
545,Sunteck Realty,369.45,nan,5411.66,0.41,-6.74,-127.02,70.57,-50.82,2.56,-13.48,150.34,55.2
546,Mittal Life Styl,15.75,59.76,46.61,0,0.35,1700,15.4,-0.13,2.3,-13.94,1.02,0.22
547,Max Ventures,216.2,187.34,3181.05,0,3.11,-14.25,23.31,-19.29,2.27,-57.43,1427.42,1266.08
548,VLS Finance,193.7,3.91,748.88,0.77,91.95,311.77,111.64,307.93,2.13,31.86,91.8,9.82
549,Utique Enterp.,5.29,84.14,29.45,0,0.05,-84.85,32.24,107.46,1.68,90.87,0.79,4.67
550,Sundaram Fin.Hol,122.35,10.17,2716.54,2.45,70.67,71.78,24.01,28.81,1.43,-0.63,41.18,8.86
551,Kesar Petroprod.,5.76,278.4,55.68,0,0.06,-81.82,32.61,-30.53,1.31,-2.59,47,41.17
552,Cineline India,111.4,nan,351.65,0,-4.7,-683.33,49.88,65.93,1.3,76.28,484.77,103.99
553,Rajnish Wellness,13.47,4500.61,1035.14,0,0.55,-19.12,8.51,85.81,0.89,22.1,0.05,0.06
554,Flex Foods,87.83,nan,109.35,0.57,-2.47,-259.35,26.95,-3.13,0.68,13.06,234.07,80.14
555,Ishan Dyes & Ch.,53.32,nan,98.47,0,-1.77,-353.85,12.04,-51.06,0.34,-6.88,62.77,28.97
556,Capital India,118.35,nan,919.98,0.08,4.85,74.76,174.99,10.15,-0.33,53.6,116.17,46.53
557,Asahi Songwon,233,nan,274.64,0.21,-5.85,-246.54,102.79,-36.98,-1.02,21.17,275.18,129.12
558,Tejas Networks,843.9,nan,14314.68,0,-26.29,-295.93,187.89,49.4,-1.2,33.04,646.82,78.65
